county,gas,aiw,pop05,wis,upop,rpop,mhv,bach,hs,x9gr,fpov,ppov,pop,hisp,white,black,other,voting,child,mhi,awpw,aaepw,unemp,capin,crime,nomuns,munp,nmunp,shigh,noveh,commt,agmort,prpval,retax
Alamance,94,0.45608714946678364,-0.22037123894198785,0.7284275903864268,0.33767878200724705,0.48694319714705236,0.04079396476616369,0.12174079960458135,-0.10050043909017764,-0.10023543227886696,0.6555897041484083,0.5783649234162896,0.38973650911151186,0.588458003842162,0.43658454001606906,0.2801892112110292,0.4295897701267576,0.39678525423240907,0.36497238012719574,0.14806694133509643,0.06803974093405776,0.19034360935932912,-0.2951976403378207,0.04692865041559414,-0.08576628752906963,0.340235617024342,0.5476954413839077,-0.31960906459039085,0.4707470329469387,0.2190742735628353,-0.29724694683067876,0.15815863457045581,0.04079396476616369,0.44363825958772046
Alexander,19,-0.4295189660026991,-0.22037123894198785,-0.6459640895879639,-0.3929130230593089,-0.1049311727948738,-0.34455048557973633,-0.3511431501543711,-0.1044836246119451,-0.10421285387853482,-0.5531805369788216,-0.5209747053765765,-0.3951373690225729,-0.40704612826506836,-0.35743097299913945,-0.4300872757888697,-0.39917514854461333,-0.3957253538031937,-0.3916841682622124,0.12357209719266163,-0.3028327313895086,-0.3528610682295471,-0.010770314729694863,-0.04743647882193269,-0.1460224314177699,-0.21753030999585568,-0.6496798447679594,-1.1088949587287829,-0.4336911398487865,-0.5112278866062697,-0.40560741478980683,-0.3481322904815694,-0.34455048557973633,-0.397476162965563
Alleghany,13,-0.4295189660026991,-0.22037123894198785,-0.6459640895879639,-0.4167142318397618,-1.097737854589563,-0.1413688663064436,-0.3860141486266585,-0.1054548614547139,-0.10494627252870788,-0.7056380448687425,-0.6489033302986705,-0.5437488250360475,-0.4309030515341794,-0.598173140513472,-0.47085924760552844,-0.5573803426201153,-0.5496236228103366,-0.5222714668694678,-1.259361912139783,-0.33602008252114324,-0.41253204412453826,-1.5997709737937578,-0.3165097388968084,-0.24320148900848232,-0.7331289155430413,-0.6739655052573039,-0.6461506730434521,-0.7646658684904729,-0.5210525793439708,-0.021281843572246682,-0.4421044907474084,-0.1413688663064436,-0.591651590545653
Anson,30,-0.4295189660026991,-0.22037123894198785,-0.6459640895879639,-0.38737855394872095,-0.8095303722111251,-0.9540953433996145,-0.3904311417664816,-0.10492156863667,-0.10474497846461972,-0.546774759336388,-0.519248198031089,-0.47881127106428073,-0.4580250646667637,-0.5825687626771674,-0.25229363877558736,-0.48824485026499065,-0.4822311537251665,-0.4656878029370609,-1.0016293090315347,-0.3121618946108437,-0.37197534128481063,0.8538887551190082,-0.9878664716047553,-0.2106375303962911,0.23112487541146107,-0.3954489431896297,-0.19426811984626444,0.11100653325260679,-0.41379968362406855,-0.09285207010796573,-0.43712324361499644,-0.9540953433996145,-0.5192198341058822
Ashe,25,-0.4295189660026991,-0.22037123894198785,-0.6459640895879639,-0.4167142318397618,-0.37588485474356803,-0.006498308685378587,-0.3419272434152666,-0.10499132597896832,-0.10467228894147677,-0.5663123811458106,-0.5477077223389645,-0.4525152543131095,-0.42084657475468185,-0.4335674718237533,-0.4703653140262517,-0.4581693665672009,-0.45090043042475997,-0.4561155665032659,-0.6863191838354915,-0.31139720910089824,-0.37038071338809786,-0.8792217489198388,-0.45748896811913764,-0.21243239425680557,0.25340737963184734,-0.6434547229336652,-0.09978828804463945,0.06336021849065761,-0.44545702688999383,-0.13006186813013357,-0.3586700546617373,-0.006498308685378587,-0.44535610548631727
Avery,18,-0.4295189660026991,-0.22037123894198785,0.04123175039923145,-0.4167142318397618,-0.7794397442616522,-0.11859851242236769,-0.3696247793446834,-0.10529594679918224,-0.10470583795215814,-0.7114032447469328,-0.6637178771986606,-0.5035197573923936,-0.4440069455195853,-0.5276040885074971,-0.4586007142289339,-0.5139496616159643,-0.502979525932563,-0.5033769218461023,-0.7190115056989005,-0.3162911963645494,-0.37687616435404114,-0.38242202019097876,-0.693591279424275,-0.23499639707470185,-1.109949399396258,-0.6335406400123822,-0.6478747575653797,-1.0357279418711725,-0.5237816606599988,-1.6427277584389293,-0.4161598543082032,-0.11859851242236769,-0.556997863794634
Beaufort,38,-0.4295189660026991,-0.22037123894198785,0.04123175039923145,-0.31793742043792755,-0.3038329841489586,-0.3603145767302504,-0.30650827210984327,-0.10444069701668461,-0.10389413827706191,-0.2786929650005397,-0.31340396742070176,-0.34740678399523695,-0.33752148143884514,-0.37364533006856193,-0.24427844387550632,-0.34389435890691455,-0.3447665644196864,-0.3547948184546892,-0.19632471196630763,-0.2569516007927788,-0.28196391194169823,0.4822370496577235,0.0721305825211987,-0.1465352496636312,0.32636100177090205,-0.4826006488697463,0.9624201859148698,0.1452079767616889,-0.2552400591628391,-0.5092269340807264,-0.3051498664657404,-0.3603145767302504,-0.30978739384653065
Bertie,16,-0.4295189660026991,-0.22037123894198785,-1.3331599295751593,-0.4167142318397618,-0.7735504470482997,-1.402496158347571,-0.3793554484421884,-0.10506810033203036,-0.10484003399488358,-0.6255658243383219,-0.5795645675524768,-0.5027754207837802,-0.47260913272361077,-0.6302025955179127,-0.23352416276307267,-0.5131806861805095,-0.5045540102153571,-0.49497934628016205,-1.4658602794919424,-0.321796932036157,-0.38642267002902814,2.0864071660875534,-1.032964665898995,-0.25448349041743046,-0.3683927740073369,-0.516954098992332,0.4893313930979743,-0.4326328673351439,-0.42198692757215267,0.09022851616888265,-0.45148354186311834,-1.402496158347571,-0.5417408511153724
Bladen,31,-0.4295189660026991,-0.22037123894198785,-1.3331599295751593,-0.4167142318397618,-0.2365201574057187,-1.048679890302699,-0.3466265255903415,-0.10505901949457142,-0.10473659121194938,-0.42410411748378357,-0.40942005334394516,-0.4349012262858433,-0.37613661089085515,-0.5244876491528406,-0.2597699970437302,-0.4436508474482285,-0.43998501534885126,-0.4164520176248517,-1.2564342415251493,-0.27209237388969965,-0.3060640548873503,-0.7161500822378467,-0.5579177201189152,-0.10756106297817399,-0.08869459692819935,-0.3906840351189355,2.5759908899867816,0.1376557592779673,-0.39606065506988625,-0.1084183888000232,-0.40467201089903077,-1.048679890302699,-0.4382483163029753
Brunswick,61,-0.4295189660026991,-0.1837310140083128,0.04123175039923145,0.10359766307369803,0.6894337989905238,1.0829755463834843,0.2286121073034583,-0.10282472071433024,-0.10299670224133553,0.0816320273863532,6.532881020183312e-4,0.18782357376561024,-0.1639493042966084,0.5278485238220046,-0.21740396685758753,0.22441792253193624,0.26535366479898115,-0.06887736466196154,0.9466378959866661,-0.1384253467512266,-0.09751861855525669,-0.17004961707024532,1.2945190337486798,0.00807945146354445,-0.26791370547839316,0.2940793666534095,1.3341328088424307,0.08426110063509676,-0.20802695239555388,-0.25713999161789153,0.5302127764388364,1.0829755463834843,0.5621534843590492
Buncombe,141,-0.4295189660026991,1.1073789120920616,2.1028192703608175,0.8359006661571492,1.1663748530031175,1.6119483827674015,1.0792153914667542,-0.09963487017420393,-0.10007980214598398,0.5236306847142751,0.982646111187069,0.9598343848820943,0.4673884717045747,1.6828830185908665,-0.13601718390858536,1.02804983209921,1.0470548326623248,0.6681848407402526,0.4849442400589408,0.5528503542395033,0.8574402436701414,-1.5656396947207827,1.1632037033036875,0.25243734561644393,1.1007499540383547,0.5174920724841846,0.614672337842101,0.9861738503869022,0.8284781314318979,-1.4961284718243422,1.1865308783755082,1.6119483827674015,1.0448843240965724
Burke,66,-0.4295189660026991,-0.22037123894198785,-0.6459640895879639,-0.13337932942690456,0.251601359285349,-0.6650870056401895,-0.20226059191507173,-0.10208752181879897,-0.10156527778559753,0.21230989129199968,0.09845157515608759,-0.09783304517905676,-0.17422345373367082,0.061469492711638554,-0.3662575864305212,-0.09709267876362292,-0.08730053600298512,-0.13223407317285005,-0.599952900703799,-0.1766596222485015,-0.14205126028412143,0.3988050341460064,-0.5008817685114944,-0.01576659696900503,0.08077391795310215,0.19609133778026241,-4.8101958161755957e-4,0.13286948131853907,-0.1796445067088622,-0.8521317228289089,-0.1652571810181086,-0.6650870056401895,0.011130589574251002
Cabarrus,90,2.0058978515383785,0.60919133198843,1.4156234303736221,0.7009673176360901,0.19574505602745887,1.0602051924994083,0.5421854097561607,-0.10086202152717955,-0.10075637386139141,0.374376065645571,0.38382653122957894,0.7060156013449156,0.6999064045153814,0.7836516331285914,0.4627650233327632,0.7055402199815216,0.650897933912198,0.8852971590179997,2.0605189758342792,0.17050759926675446,0.34148244140976364,-0.3065747333621455,1.1088205866547514,-0.08243296893097131,-0.17641797078865817,0.9784585016458597,-1.0328628313117818,0.08471808194780588,0.2556439631976111,0.6709239735174585,0.5538154752128847,1.0602051924994083,0.6941552834782576
Caldwell,53,0.013284091732042253,-0.22037123894198785,0.04123175039923145,-0.1407925264301678,-0.009690194422688854,-0.5845149842042286,-0.23842679890204407,-0.10190425400826378,-0.10227539851168631,-0.10765870194756119,-0.19332816623130925,-0.13806211282271058,-0.27265502948451037,0.05264142962869717,-0.3868905391284889,-0.12322469868984931,-0.12955424401527532,-0.16562443316123152,-0.38730642506090884,-0.19042396142752047,-0.1813535225117684,0.3532966620487065,-0.5742137062924639,-0.0090999597728084,-0.36436465990149935,0.23059849461480592,-0.550463982076478,-0.3944388502518652,-0.1971106271314417,-0.006137543524754659,-0.19985731284499703,-0.5845149842042286,-0.063566286495376
Camden,5,-0.4295189660026991,-0.22037123894198785,-1.3331599295751593,-0.4134653488916004,-1.1472447592893074,1.093484940483827,-0.38692743668188506,-0.1058403842813803,-0.10511401758211468,-0.7610480214757935,-0.7252038162121528,-0.5468482891953518,-0.472173787408481,-0.6091084045835478,-0.4496201036966302,-0.5638739129639563,-0.5576095887639314,-0.5092252334009535,1.3439227983924513,-0.3451844017224139,-0.4326030939178294,1.6199463520902269,0.17047496419645256,-0.25576553603208363,-1.3469048101301206,-0.7423649920785595,-1.212167621592238,-1.359583382693809,-0.5922816016923027,1.629830490874665,-0.45408146259712695,1.093484940483827,-0.6115429859158849
Carteret,67,0.013284091732042253,-0.22037123894198785,0.04123175039923145,-0.13564696595978332,-0.6458263137337173,1.1933241844370828,-0.13628798385297755,-0.10447165441711286,-0.10448031404702234,-0.37702165181189623,-0.37745182055975623,-0.2134610852233488,-0.3511913243339197,-0.061923760882338724,-0.40114725834852105,-0.20714818018833647,-0.19179936063746492,-0.28416520967687026,0.7619994692237712,-0.21948201080544938,-0.20422048655062924,-0.4279303922882793,1.2016698102017156,-0.09730469806094841,-1.0244638667057089,-0.16842412962784437,-0.5385677988751786,-0.8353777137202205,-0.30709260416737194,-0.5132032634777961,-0.021222584840274825,1.1933241844370828,-0.12917664818776362
Caswell,25,-0.4295189660026991,-0.22037123894198785,-1.3331599295751593,-0.4164808866556397,-0.5544041765233156,-0.7876966034775214,-0.37439048246922935,-0.1049339515968413,-0.10457350574335944,-0.5938572250082753,-0.5699295426889495,-0.4748511677012671,-0.4433539275468906,-0.5443840626839925,-0.32041156966311085,-0.4833418103090136,-0.476546357107963,-0.4674372978466318,-0.2073522712814277,-0.3355612712151759,-0.41520038813837096,-0.1814267100945701,-0.6774847814620465,-0.23781689742693887,-0.3390450855219502,-0.5370896782588139,-0.057720625709609424,-0.43869388264055104,-0.4956721231049099,1.4193380618853428,-0.4227176945561324,-0.7876966034775214,-0.5160955311681494
Catawba,119,-0.20811743713532843,-0.22037123894198785,0.04123175039923145,0.20640117470410058,0.9993120547087198,-0.04152962235318768,0.04949141181747544,-0.10022058419030631,-0.10086354431217909,0.4057643760934959,0.37970519111454415,0.32690403211098,0.26952402597809716,0.5877817561087072,-0.18965388031276914,0.3335007028929975,0.340747239109696,0.2799469275220507,0.4515687950521173,0.24391740822152225,0.4447292822955919,0.23573336746401433,0.31600191049046983,0.03679727323177608,0.5420249522310531,0.8183729611417302,-0.3665041635868178,0.6702795050646214,0.3156837521502281,-0.8355553464366531,0.23095411677954492,-0.04152962235318768,0.47149662744917076
Chatham,41,-0.4295189660026991,-0.22037123894198785,0.04123175039923145,-0.25256486962464747,0.6488988705142461,2.6523783987013316,0.041238608845700755,-0.10376582568734888,-0.10307311943233197,-0.16467012296522068,-0.3033790860598063,-0.163456784461889,-0.03543536727030219,-0.11128771663883638,-0.29876829828025897,-0.1587618797112543,-0.15716827605197087,-0.18359424516096678,1.926041305602107,-0.2564927894868115,-0.2861843604416646,-0.8830141132612808,3.28566115830276,-0.10884310859282718,1.0728408777336242,-0.4963573995899765,0.6424300986451328,0.6810065400892703,-0.35103081335542347,0.9546025190551771,0.15546742792653584,2.6523783987013316,-0.0909560089161664
Cherokee,23,-0.4295189660026991,-0.22037123894198785,0.04123175039923145,-0.4167142318397618,-0.27480058929250994,0.09334093526787733,-0.3271153716832283,-0.10524930431587036,-0.10480741690116559,-0.5586254479748902,-0.5201949923818402,-0.4397394142418306,-0.4478379842927272,-0.4187283406617237,-0.46479733549622343,-0.4518203898949839,-0.4352539928644942,-0.45286650452834853,-0.9046258226666734,-0.3103266493869745,-0.3644593284649712,-0.7882050047252388,-0.6958651379601191,-0.011920460125045435,-0.3363916452776286,-0.5813572113026827,-0.6504608843482708,-0.563954865618961,-0.44518411875839103,0.2572874252462965,-0.3513858580672168,0.09334093526787733,-0.4235640924956314
Chowan,9,-0.4295189660026991,-0.22037123894198785,0.04123175039923145,-0.3908129164022101,-1.1671671475188514,-0.3340410914793936,-0.37593476954443067,-0.10550852094878953,-0.10480834881812896,-0.581045669723408,-0.5997257178449444,-0.5273501591275329,-0.4639022264210155,-0.6083542484407839,-0.37492387559419427,-0.5403117169288653,-0.5331823734726988,-0.5060761425637259,-0.5867783829379477,-0.32531448538190627,-0.39724487802138536,-0.4393074853126041,-0.083818215395437,-0.24730403497537254,-1.2607479250885987,-0.6561355266701903,-1.085102592326184,-1.2453380545164956,-0.45091518952204995,1.4856572436689433,-0.44141729407030816,-0.3340410914793936,-0.5815496777136505
Clay,7,-0.4295189660026991,-0.22037123894198785,-0.6459640895879639,-0.4167142318397618,-1.0884898175592204,0.6836185705704605,-0.37254730112140844,-0.10568807387127334,-0.10495372786441486,-0.7459944440160745,-0.6706796003659491,-0.5425799839553341,-0.4679074033202093,-0.5886574644768342,-0.4718246632377511,-0.5576103780067898,-0.547413289105645,-0.5245458102519099,-0.7712216316598671,-0.3418583366398263,-0.42399210327558057,-1.516338958282041,0.9564720647532021,-0.19884271074148166,-1.2164706390839577,-0.7159274376218047,-1.3871622005678752,-1.293874280255826,-0.5087717134218446,-0.8141470592807402,-0.42515299161681896,0.6836185705704605,-0.5892562916267245
Cleveland,80,-0.4295189660026991,-0.22037123894198785,0.04123175039923145,-0.19164382693923493,1.2494231457382836,-0.5004398314014868,-0.17665531589399214,-0.10247634676817773,-0.10279820392813749,0.26547784572419897,0.18750593791204245,-0.028348059739042395,-0.31113955534198146,0.07809419944697668,-0.023377876307166316,-0.007536616511419451,-0.026637473299564545,-0.033887466470543824,-0.6392812759603776,-0.12466100757220767,-0.08028600641811423,0.9107742202406328,-0.8783422854616016,-0.055253601900323523,0.9488964460801993,0.8027717298780056,0.03969014977929227,0.9732581153908567,-0.00853110819390373,-0.44621657554324456,-0.16754527822024964,-0.5004398314014868,-0.04760630565512458
Columbus,45,-0.4295189660026991,-0.22037123894198785,-0.6459640895879639,-0.38550580926589495,0.4904859775019597,-1.1169909519549268,-0.3293072630157721,-0.10406631885417238,-0.10386152118334392,-0.17652081160372293,-0.25353314818202044,-0.31268464422937153,-0.37321979727948573,-0.367124097539957,-0.1475572684425956,-0.31710509501876094,-0.3121338637315848,-0.3133067963134367,-1.1296661039115126,-0.26490433009621195,-0.2862587764101779,-0.3331212837522374,-0.9986672996500143,-0.24781685322123384,1.077156714275593,-0.05790900373013038,1.9029082926263006,0.9408124421884997,-0.33110851974841876,0.9529685713134023,-0.35218938247810316,-1.1169909519549268,-0.28554801022128745
Craven,66,-0.4295189660026991,-0.22037123894198785,0.04123175039923145,-0.02727308595969709,0.040690902832162604,0.04604866181633505,-0.12149271735830704,-0.10372042150005412,-0.10349993740155593,0.09604502708182891,-0.010596856536319931,-0.021364088903536724,-0.17374457388702808,0.020090719643228592,-0.026319026256495775,-0.02202884587191473,-0.013383040707389675,-0.0476334979028865,0.373887934743838,-0.07266239289591382,-0.03672077227992187,-0.2572739969234034,0.4190834974487321,-0.03833059978690131,-0.09313831010844885,-0.18371794746765327,0.24485620788866008,-0.11264974184651698,0.051235772627110474,-1.3229872080919753,-0.08789184866311821,0.04604866181633505,0.0038405493862079336
Cumberland,168,-0.4295189660026991,-0.22037123894198785,0.7284275903864268,1.3088195558544282,0.5330453518953273,-0.3305379601126127,0.5286687465388074,-0.09964642760369714,-0.1007917867059995,2.6964704610277694,2.2965738948884367,1.3394227947559227,1.2325513975766471,0.7772191248520763,2.314701624251769,1.324276258179429,1.309017224848159,1.4346885461921026,-0.18402849538484634,0.4641468350858256,0.7749873505574474,0.49740650702348993,-0.388136282775895,0.46371846291129093,0.6035336152439986,1.523271942180557,0.5336403653115099,1.0438497023804176,1.7015112444292697,-1.1665656129083992,0.4063082589862874,-0.3305379601126127,1.019030717286834
Currituck,21,-0.4295189660026991,-0.22037123894198785,0.04123175039923145,-0.40979165804413986,-0.35904514552413824,1.8361487902413798,-0.31514299554107633,-0.1055196656129437,-0.10502268971970431,-0.6521498015544215,-0.6299117494983074,-0.4436588116965607,-0.43395046874008775,-0.43936781980412815,-0.4422560030601412,-0.45535636241015237,-0.45074903770526054,-0.41855141151633674,2.3107372243649675,-0.3130795172227783,-0.3733467212759836,-1.4632458575018572,1.332037699590106,-0.18140689038219818,-1.1256462567451955,-0.1155490207143345,-2.006798177748605,-1.108989261792877,-0.5453414030566204,2.5445311530027186,-0.3077606063576099,1.8361487902413798,-0.45264614567436035
Dare,41,-0.4295189660026991,-0.22037123894198785,1.4156234303736221,-0.24461318373494867,-1.223667592659452,2.4281779912273533,-0.21605954416767686,-0.10549407416192301,-0.10496863853582879,-0.6428614239728927,-0.5982219856408101,-0.3923984429080657,-0.37578833463875133,-0.346029906605592,-0.4579496199653419,-0.3958560665368809,-0.3868537404405272,-0.4092041101423437,1.4986989848860832,-0.2470106891634873,-0.25322871724293444,-0.022147407754019653,1.674253409234631,-0.19986834723320424,-1.5583488315270133,-0.16919266318763382,0.11192929124805288,-1.135229609801603,-0.5079529890270361,-0.8797404174186502,-0.180182077436782,2.4281779912273533,-0.3758664009795782
Davidson,107,-0.4295189660026991,-0.19996024407404386,0.04123175039923145,0.11175876130812179,2.109904680770459,-0.15888452314034815,-0.003246822062517291,-0.09992586973822942,-0.10045256893133242,0.7929936345786102,0.5462853030614241,0.3752859116708528,0.11824152897050434,0.7360288908193574,-0.11756202926470126,0.4196193792243216,0.38323560583721034,0.34760239495359907,0.03818170426584708,-0.06807427983624083,0.007588621543403106,-0.20418089614322035,-0.20471169421781074,0.09782264448926829,1.7980612625822052,0.9177443504224979,0.7701847617199578,1.732063559320554,0.14566198616168086,-0.1622236133961171,0.22011885015617963,-0.15888452314034815,0.5765252778726199
Davie,26,-0.20811743713532843,-0.22037123894198785,-0.6459640895879639,-0.34117620749254773,-0.2143892827211675,0.32454760547541733,-0.280471259917202,-0.10486584531589917,-0.10445142462115782,-0.5211516487666533,-0.5150711641307159,-0.3586881357195342,-0.3400464842665977,-0.31400045160115136,-0.4189962217814746,-0.36007570524956284,-0.3615787259200978,-0.3477718460319832,1.167677027391506,-0.2734688078076015,-0.31316546445404436,-1.0460857799432728,0.9363863143532466,-0.2629449914741416,-0.5824262973294108,-0.6021844707729751,-0.3652973044214687,-0.6326223207655358,-0.3766841777260871,0.16467084592078646,-0.2717034016908525,0.32454760547541733,-0.34144699694888914
Duplin,48,-0.4295189660026991,-0.22037123894198785,-0.6459640895879639,-0.4167142318397618,0.6426875023595383,-1.209823933174621,-0.32234966855868236,-0.10358049405011845,-0.10276279108352938,-0.27805238723629633,-0.2701298962128363,-0.3237799118015154,-0.016236638873079624,-0.42339745442795274,-0.21639364817270337,-0.31671074864160464,-0.3369092822776661,-0.2791916455768045,-0.6480642878042786,-0.24226963900182522,-0.24961422734371888,0.023360964343280183,-1.2414016983513634,-0.03551009943466427,0.9942926526697954,-0.26579733165315994,2.062386110904591,0.9846826482085881,-0.2929013813240261,0.5718453037344725,-0.35198477402151945,-1.209823933174621,-0.28856816972776245
Durham,128,-0.4295189660026991,2.573505651747909,2.790015110348013,1.427454640746037,-0.8345138752333939,1.4578106026290414,1.6120442481233055,-0.09729861835521908,-0.09458708356387471,1.1939953149949567,1.3619764831262864,1.2818820858322522,1.6942786388032745,0.7835074562189455,1.9790962086595798,1.2994652986166761,1.3475012541449136,1.0603216283283556,1.2441868194539318,2.2320997340798163,1.811017095051722,-0.5303242295072045,1.717267233204347,-0.08525346928320834,-0.5022156759679344,1.311156679678686,-1.1730309029444845,-0.10899389134484298,2.0047121786399855,-0.7618175571304812,1.078216400168171,1.4578106026290414,1.1884460440853921
Edgecombe,25,0.013284091732042253,0.03009655954484082,0.7284275903864268,-0.2551974819583326,-0.5908442030309342,-1.2273395900085255,-0.32454155989122613,-0.1038710808488049,-0.10357915034344248,-0.026945903652897188,-0.169435532321175,-0.32270411279687883,-0.36917108584877895,-0.507740946570879,0.13973246248579946,-0.3157248826987138,-0.3282344794503489,-0.3032097114067705,-0.934292884894961,-0.25985740573057164,-0.28403692820742477,1.6730394528704107,-1.1561320032572127,-0.14704806790949249,-0.4736672164718013,-0.09256986727663183,1.4141303306598647,-0.12640728452386932,-0.03363865630136175,-0.6025771376200919,-0.3852318886440672,-1.2273395900085255,-0.35498564301239766
Forsyth,171,-0.4295189660026991,-0.009530640247557736,0.7284275903864268,1.698853039509572,-0.26412623809330854,0.09158936958448688,1.1726862726098521,-0.09524387249746172,-0.09528042978462281,2.236535626301033,2.325200500552327,1.6177465350797966,1.8938409312587579,1.6081771983312017,1.6313894203751118,1.716519454657596,1.6338075956262557,1.558527793005299,0.34353774937213594,1.2074211507528494,1.4861913924913346,-0.47343876438557947,0.6640917546859252,0.20192474839910796,-0.2550940724907678,2.323392231277289,-0.8489030128221217,0.4655518769708757,2.106506911727832,-0.9495354434915642,1.063567336100362,0.09158936958448688,1.7248107509206607
Franklin,51,0.8988902072015251,-0.22037123894198785,-0.6459640895879639,-0.3301132524812211,0.8904060663961778,0.051303358866506416,-0.21483075660246292,-0.10349298779824129,-0.10290257862803505,-0.3549217189455001,-0.3586830149007464,-0.20830306513084795,-0.18388811972955157,-0.2310876380231742,-0.11877441168656226,-0.19947814315264578,-0.21503057344465204,-0.18529375450169278,0.7913737643905954,-0.2659748898101357,-0.3177792545018666,0.641516351998274,-0.02052915281444512,-0.12525329246038813,0.27668092779890774,-0.5467732011121602,0.40502365997572115,0.11216101235839863,-0.3412061206177225,1.9025318838547651,-0.22678441117567574,0.051303358866506416,-0.19944742842893592
Gaston,121,1.3416932649362665,-0.22037123894198785,0.7284275903864268,0.6898804297853663,0.3794175128688899,-0.03102022825284495,0.2752728243068524,-0.09811878308389803,-0.09960359257770135,1.02712480740956,0.863015860280383,0.7184541638904166,0.38667545027951655,1.0040426753198117,0.4195458351460517,0.7762070907679367,0.728918171906228,0.6811560958554996,0.332900546138967,0.12003835561035162,0.30057492043275924,0.17505553800094745,0.1572107894040291,-0.26756035568689307,0.19023632032125468,1.063612020070524,-0.39977899486001794,0.4857312096741948,0.7288666633968742,0.16493125293398472,0.38925690106548216,-0.03102022825284495,0.7755173391483812
Gates,8,-0.4295189660026991,-0.22037123894198785,-1.3331599295751593,-0.4167142318397618,-1.1166020097260827,-0.2832456866610704,-0.4051433820743133,-0.10573141423187288,-0.10504319189289847,-0.7479161773088046,-0.6876105111087948,-0.5461330282355124,-0.4782250872887847,-0.6256887491928409,-0.40532324224604227,-0.561645855933023,-0.5541578347593444,-0.5175478306136264,-0.4090687766296856,-0.34285718261725623,-0.42855273906017904,2.2343093754037784,-0.31139355719115935,-0.24679121672951126,-0.9907683725187835,-0.7193858386408569,-0.6130482502224448,-1.0450599813096562,-0.5731780324801063,3.0213011648281984,-0.4480118934575303,-0.2832456866610704,-0.5953747182131178
Graham,16,-0.4295189660026991,-0.22037123894198785,-1.3331599295751593,-0.4167142318397618,-1.2292348189314493,-0.6931120565744368,-0.40260278075704664,-0.10569178875932472,-0.1050264173875578,-0.7671335102361055,-0.7169054421967449,-0.5603684658752441,-0.4774414657215511,-0.6236924535208189,-0.4721389846063817,-0.5799040931953612,-0.569092726537963,-0.529419403214286,-0.7666349476969411,-0.3411061512909747,-0.42474689381335795,-1.5732244234036659,-0.8834584671672506,-0.20704780267526213,-1.3126019019113626,-0.7128533033826471,-0.5261543903173008,-1.2452899512204212,-0.5278752826340408,-0.15716718204994098,-0.47295320625473036,-0.6931120565744368,-0.6133654959628956
Granville,50,-0.4295189660026991,-0.22037123894198785,-0.6459640895879639,-0.31246876663568174,0.40591935032897614,0.18091921943740005,-0.24388992199603576,-0.10363663013622834,-0.10307405134929534,-0.2575538987805086,-0.30844722052559237,-0.2523875638019291,-0.2165825528957968,-0.3272979988831196,-0.06197205006974142,-0.24480168676714711,-0.25249270188478534,-0.2510747631015581,0.6695826668218359,-0.20265892958664844,-0.23113780544714047,-0.6782264388234301,0.005051755713800103,-0.18884275494718672,0.2876463495314649,-0.15774151314677187,-0.020480400035976305,0.09441089610684973,-0.3993355526491199,0.9269766392221175,-0.25494599440835963,0.18091921943740005,-0.26854659506845846
Greene,19,-0.4295189660026991,-0.22037123894198785,-1.3331599295751593,-0.4167142318397618,-0.6577429385638603,-1.24485524684243,-0.3891359332517966,-0.10472385403926829,-0.10403392582156758,-0.5900137584228151,-0.5341184387164173,-0.48813873919096773,-0.35915814360079434,-0.5930936770813274,-0.3113860560781457,-0.49685474616623726,-0.49191271813715487,-0.4738104578743543,-0.6343042359155004,-0.32684385640179725,-0.39874382824429533,-0.2914052759963791,-1.5692163039355431,-0.20115039284785743,-0.7154819394603251,-0.6677403834230099,-0.422019685192882,-0.7534337488570402,-0.5011302857369659,0.6533040795953978,-0.4623123335870036,-1.24485524684243,-0.5590546965619747
Guilford,279,0.45608714946678364,0.017591091469651727,1.4156234303736221,2.3634979056173164,1.9270604063496555,0.25098184677301827,1.8548792393893676,-0.0916350651382065,-0.092563891836396045,3.827730792681552,3.650712591604063,2.5406599633331433,1.78343735934185,2.135132712555922,3.5551484540262157,2.575294132630564,2.590420341963263,2.3666444845205135,0.46171805318284725,1.8344632689081577,2.432092768263404,0.13333953024508918,0.7772162168441652,0.04448954691969527,1.555862909678839,4.347248507626664,0.3717488287025215,2.5528982035385233,3.3919042115770415,-1.0241383733366363,1.659382515748034,0.25098184677301827,2.5114321230683223
Halifax,46,-0.20811743713532843,-0.22037123894198785,0.04123175039923145,-0.2888829534098031,-0.3445979632976329,-1.2746318634600677,-0.33013752488415987,-0.10333696250008292,-0.10334151151778284,0.03711187277143932,-0.09647667352799122,-0.3243207188687111,-0.42367631930302535,-0.488554327056446,0.08221165202639433,-0.32942184686527715,-0.3222847455740214,-0.32980203403224795,-1.381738543831469,-0.26781013503400486,-0.28812980647565417,0.16367844497662265,-1.0979591223818699,-0.20756062092112343,0.21146384227582626,-0.3698567756486431,1.8277382074702628,0.26731819384720895,-0.05874620440881977,-0.317709808396958,-0.37816712827089183,-1.2746318634600677,-0.3518353042168505
Harnett,76,-0.4295189660026991,-0.22037123894198785,0.04123175039923145,-0.13026207709542745,2.3440042450012206,0.03729083339938278,-0.06114928476388211,-0.10184357750342442,-0.10158764379271842,0.37565722117405775,0.32356585549352945,0.16965129328188397,0.3357835829408472,0.16363546899311607,0.12783315353049707,0.1850884438502112,0.12503532273093682,0.31631142885670266,0.43937016749114377,-0.20158836987272474,-0.17654837711634064,0.23952573180545594,-0.569097524586815,0.19397606558825814,1.1773800295279757,-0.29653867404473544,0.6786358736056094,0.9151733853807066,-0.09968242414924046,1.6800494090288456,-0.06560446897121706,0.03729083339938278,0.11147278559110095
Haywood,42,-0.4295189660026991,-0.22037123894198785,0.04123175039923145,-0.21939395422021543,-0.2593411841074596,0.473430688563606,-0.18794687730406615,-0.10441758215769818,-0.10404510882512803,-0.37317818522643603,-0.3674826329841991,-0.24600836646092186,-0.36381633847268285,-0.0824745157726533,-0.4584435535446186,-0.2380057842008196,-0.23057103610126828,-0.29603678227752983,0.1449440926794872,-0.2500694312032693,-0.2671338725022696,-1.0802170590162479,0.5001844518938354,-0.04012546364741579,-0.556339463120178,-0.38568856698030446,0.2867514617714975,-0.5716273413428692,-0.3051822472461523,-0.8777582878678366,-0.14554269612464685,0.473430688563606,-0.18098800523849828
Henderson,58,-0.4295189660026991,-0.22037123894198785,0.7284275903864268,0.0405286480523924,0.23526776154519163,1.286157165656777,0.09132000474685255,-0.10284329515458719,-0.10202844051639295,0.18540562519377835,-0.0012403005994841487,0.06912514521078779,0.1659989100402394,0.31747223158542764,-0.39910416945242194,0.09636708142965529,0.09747427814606606,-0.02474010737193033,0.8651510638793631,-0.09713232921416975,-0.03412684423460246,-1.6528640745739411,0.8734762281948953,-0.030125507853120844,0.23128472120931162,0.30583793011818716,-0.631323546154876,0.05602446583927232,-0.0841266606478806,-1.0776906779381206,0.27985411718109754,1.286157165656777,0.27065602026858426
Hertford,19,-0.4295189660026991,-0.22037123894198785,-0.6459640895879639,-0.38762984876239087,-0.83074104420609,-1.2045692361244495,-0.37902334369483326,-0.10515601934924658,-0.10468626769592734,-0.5752804698452177,-0.5331159505803278,-0.4817362813309413,-0.4182345028639033,-0.6255113006886611,-0.19892636068737268,-0.49206343768378785,-0.4837904987360106,-0.4731106599105259,-0.7294535308910938,-0.29656231020795554,-0.35167041273333494,1.2103710032145256,-1.1333934178987726,-0.2301246237390197,-0.8849504543416266,-0.5100372969542275,-0.20650911995194932,-0.8184453535019408,-0.42553473328298913,0.8451002453167722,-0.45111211288790015,-1.2045692361244495,-0.5354401735242781
Hoke,31,-0.4295189660026991,-0.22037123894198785,-0.6459640895879639,-0.23787608944465458,-0.5776392944353704,-0.21668619069223313,-0.2968938396739126,-0.10447371824380806,-0.10387643185475785,-0.298550875692084,-0.2532546792553289,-0.3042003699171294,-0.1523255843826437,-0.48193327974424,-0.10530349588810672,-0.33942509996580944,-0.33366190844440335,-0.20576284494367214,0.10512777232046969,-0.30359741689945413,-0.3555719356539588,0.7590796465829662,-0.8773948444049999,-0.2326887149683261,-0.4402274755614369,-0.660208754537074,-1.095964324814327,-0.6255751878905983,-0.3379312230384889,1.064934226851995,-0.34050329936593404,-0.21668619069223313,-0.3633691892286472
Hyde,9,-0.4295189660026991,-0.22037123894198785,-0.6459640895879639,-0.4167142318397618,-1.387555691674777,-0.6353103890225518,-0.41030761089568535,-0.1058556565989249,-0.10515036234368616,-0.7383075108451541,-0.7050983597050235,-0.5803783273614848,-0.4718690456878902,-0.6675776867107676,-0.44730759648456203,-0.5978008462786395,-0.588660235533264,-0.5508132266798957,-0.3313879163214063,-0.3432745403217294,-0.42723451333222984,-0.9285224853585805,-1.8483324392103964,-0.27320135639136717,-1.2761890291609754,-0.040463291922911294,-2.006798177748605,-1.2408403963335155,-0.5589868096367606,-1.6924636711926244,-0.48873145033350496,-0.6353103890225518,-0.6558820517738754
Iredell,117,-0.4295189660026991,-0.22037123894198785,0.04123175039923145,0.3444398091369383,1.1378945797604207,0.7396686724389551,0.32032283328557415,-0.10121328483070535,-0.10145810733480985,0.4211382424353367,0.2067759876390971,0.47858006150523014,0.199868775557335,0.8126201014359318,0.004035437342690699,0.5129283044991295,0.4711644973224778,0.5012330407983453,1.2187160851066192,0.27450482861934217,0.34723373269057434,-0.499985314775671,1.4334138926464852,-0.031151144344843403,2.1198628228152137,0.19685987134005187,1.0412108485669547,1.6826855258999174,0.09681143060477884,-0.055668182186901914,0.6568827455050055,0.7396686724389551,0.5892047406282519
Jackson,31,-0.20811743713532843,-0.22037123894198785,0.04123175039923145,-0.33073550630554666,-0.276410943999286,0.8465141791257729,-0.27905981474094277,-0.10487368785734098,-0.10424640288921619,-0.47406918309476603,-0.33323095500113953,-0.3563795292068816,-0.3436598503821748,-0.3362813294072183,-0.45664743143815784,-0.3848472301745999,-0.34639403615430525,-0.38798523616769115,-0.31645679618677475,-0.26459845589223374,-0.301110077554896,-0.09420233024141135,-0.37108234375706484,-0.016279415214866307,-0.48904438222503754,-0.5146484983129639,-0.03410066775920312,-0.6835396596605616,-0.40615825593919,-1.6913812026258426,-0.2688777735209044,0.8465141791257729,-0.408020685380411
Johnston,115,3.555708553609973,-0.22037123894198785,0.04123175039923145,0.19064738317093508,3.6689120774676156,0.37884614166052144,0.27636876997312426,-0.09947554275333323,-0.09890931443998988,0.75487925760613,0.6408533505658714,0.6489982540991762,1.0106123559234936,0.8134075291732293,0.2686491266770189,0.7132562640945472,0.594579842258411,0.8261892238589261,1.1460122648432172,-0.006899439040601016,0.09678147523286965,-0.8071668264324471,0.3089908466716174,0.15064292381298006,2.571427201743413,0.42711252585295245,2.927014498651213,2.518023313884396,0.24827544364433538,1.5407450605307564,0.31803870600275,0.37884614166052144,0.6850948049588327
Jones,6,0.013284091732042253,-0.22037123894198785,-0.6459640895879639,-0.4167142318397618,-1.17669124535607,-1.1625316597230786,-0.39823560332932684,-0.10566991219635544,-0.105006847131327,-0.6720077122459659,-0.6469540478118297,-0.5537275876952712,-0.4698229227067803,-0.6358698571201528,-0.41560604130552997,-0.569421052002622,-0.5606828609697698,-0.5286446268971904,-1.1455731142510222,-0.3435657582573498,-0.428425168828442,1.301387747409126,-0.9056285878917298,-0.26961162867033817,-1.106976267556235,-0.7093949023635948,-0.5630497990865485,-1.0760625556297734,-0.5265107419760268,1.0294707036625546,-0.47669083177326044,-1.1625316597230786,-0.611256591479926
Lee,34,-0.4295189660026991,-0.22037123894198785,0.04123175039923145,-0.19748343975213636,-0.37280217573345387,-0.22719558479257587,-0.261491473605857,-0.10336874543118926,-0.10279354434332064,-0.08267616914206995,-0.2100363018328017,-0.23905347127419016,0.08428459439038279,-0.30018164933815517,-0.23291797155214217,-0.23335249695037488,-0.251001483597716,-0.19868988695212128,0.2177455019633771,-0.1858358483678475,-0.18234219180773029,-0.09799469458285294,-0.41580156162866394,-0.22679130514092138,-0.7604625469755093,-0.0788899699123807,-0.9023496330018729,-0.664562909359109,-0.3226483676687318,0.19274154899544915,-0.30633180098558455,-0.22719558479257587,-0.3140833103859132
Lenoir,50,-0.4295189660026991,-0.22037123894198785,0.04123175039923145,-0.2907676645123276,-0.03103889682109166,-1.1310034774220505,-0.31851385872673077,-0.10329651149685669,-0.1033331242651125,-0.05064728092990169,-0.08121657634529476,-0.2865223754625605,-0.29694729806875114,-0.40524225434406447,0.021525176354352134,-0.2786826130044955,-0.29239982274483445,-0.2660204481861779,-0.989528270491049,-0.17360088020871953,-0.14994998379917193,1.748886739699244,-0.5310103941114276,0.09730982624340702,0.006477591112101415,-0.33296716477875243,-0.029100822645613613,-0.0782318335050991,-0.08958482327993669,-0.6196246154349931,-0.3725744481338582,-1.1310034774220505,-0.3420978933942501
Lincoln,55,-0.4295189660026991,-0.22037123894198785,-0.6459640895879639,-0.280314996905628,1.3465505396241206,0.49795260813107234,-0.12619199953338195,-0.10336379224712074,-0.10304888959128432,-0.24442205461351965,-0.30415879905454263,-0.10225254379269899,-0.20783211206168856,0.09470781565080356,-0.37427278133060227,-0.08481536155482237,-0.09942709283488926,-0.11119014868915454,0.9299501734832544,-0.1888945904076295,-0.18934792370062165,-0.3065747333621455,1.0423102244813138,0.024746044454036022,0.2536631329084082,-0.5337081305957406,0.013139248141609251,0.0960945114694626,-0.2814392397967083,1.2094492649084259,-0.01454431799407137,0.49795260813107234,-0.02636104567854192
Macon,19,-0.4295189660026991,-0.22037123894198785,-0.6459640895879639,-0.34473023414302256,-0.10120435190204917,-0.5109492255018295,-0.303602355570486,-0.10489515165497124,-0.10431256899361553,-0.49392709378631033,-0.45787364658827334,-0.3478371035970916,-0.35867926375415166,-0.28096175822918856,-0.43484699937099064,-0.34794955415200557,-0.34628049161468066,-0.3516457276174616,-0.425463732071634,-0.28784489539457686,-0.328335691178105,-0.7654508186765885,0.3510572295847318,-0.15320188685982783,-0.13642455216641558,-0.3596352793034442,-0.6559779548184388,-0.4870136435475451,-0.28853485121838124,-0.5526240440704897,-0.29285707792372756,-0.5109492255018295,-0.33910376974558953
Madison,20,0.8988902072015251,-0.22037123894198785,0.04123175039923145,-0.3607233540701595,-0.3262399196403857,0.2299630585723328,-0.33639769937180386,-0.10546105293479954,-0.1048297829082865,-0.6752106010671827,-0.6226715574043273,-0.39182274506234127,-0.33469173689050163,-0.3503108517689279,-0.46751397018224533,-0.3949885045071369,-0.38761070403802433,-0.4042305460422779,-0.3779378790940812,-0.3303614097475466,-0.40456953549361924,-1.5201313226234825,-0.09708239018786045,-0.2275605325097133,-0.2739558766371492,-0.5463889343322655,0.08520598115817728,-0.4980774016447166,-0.3469371913813814,-1.1479036901353927,-0.3813705296744389,0.2299630585723328,-0.38508309464588975
Martin,14,-0.4295189660026991,-0.22037123894198785,-0.6459640895879639,-0.4167142318397618,-0.6236034187802075,0.7379171067555647,-0.37872444942221367,-0.10496119410921816,-0.10459587175048035,-0.5310806041124255,-0.5219771935126661,-0.48382391291291177,-0.4544116985511866,-0.4867465704201151,-0.46874880413043707,-0.4942783498354826,-0.4849865012200561,-0.47813420957943664,-0.990894516777878,-0.3198087497102987,-0.3785983624824909,2.332910848281262,-0.6799481282092109,-0.22320157741989244,-0.5981231546783484,-0.47253285923650534,0.3760590400073402,-0.5338181506281877,-0.5254191094496156,1.5447938089739626,-0.4465060098369654,0.7379171067555647,-0.5266400535829975
McDowell,43,-0.4295189660026991,-0.22037123894198785,-0.6459640895879639,-0.383674947052014,-0.8391148886813256,-1.264122469359725,-0.32337919327548326,-0.10418271867978257,-0.1039975810599961,-0.43115047289046055,-0.4177741211446914,-0.4789508341783958,-0.44801212241877914,-0.5721991157141646,-0.2740716193164238,-0.4869632245392326,-0.4839721699994099,-0.460539289346038,-0.29059570575751087,-0.2593985944246044,-0.2818576034152507,-0.17004961707024532,-0.42906573642108736,-0.08653551489786154,-0.507202864860876,-0.5190291396037633,0.14830747466072233,-0.5102234839035676,-0.3889650436482133,-0.1461807620574438,-0.3098617153214245,-1.264122469359725,-0.5240364678015536
Mecklenburg,344,-0.4295189660026991,7.916984629181294,3.477210950335208,6.20109280368916,-1.165326742139679,1.6627437875857247,5.771373919710905,-0.07691709144394096,-0.070671298532882107,5.599889177460821,5.699575566629746,5.8796086113291075,6.910499135625075,4.830608762640501,6.819802446255584,5.902407661577793,5.892764871676223,5.81367430484803,1.8714890431494335,7.47784233230593,6.911849025940601,-0.39759147755674584,2.450207634591403,9.770343988801784,-1.032392218279103,4.342176186132053,-1.0447590145130814,0.4967949677713663,6.45120436684448,0.10511600002745944,5.903882590275856,1.6627437875857247,5.506467026752374
Mitchell,17,-0.4295189660026991,-0.22037123894198785,0.04123175039923145,-0.4167142318397618,-0.9130071646551077,0.09859563231804869,-0.3758185328828564,-0.10558075488312209,-0.10495279594745148,-0.6953888006408486,-0.6499058184347601,-0.520401079070556,-0.4564578215322965,-0.550173320132856,-0.47204917850105865,-0.5331411853042393,-0.5246135455490312,-0.5045015971451121,-0.11922938578095506,-0.32500861117792806,-0.39782957491684673,-0.8375057411639806,-0.13668542635381048,-0.2629449914741416,-1.1474492235720297,-0.6307739191971404,-0.7392512372275352,-1.1598103940957534,-0.45227973018006395,-0.6870305436922087,-0.39808744638124244,0.09859563231804869,-0.557180114799335
Montgomery,31,1.3416932649362665,-0.22037123894198785,-0.6459640895879639,-0.4167142318397618,-0.4138892258234834,-0.66683857132358,-0.3589476117172164,-0.10482167942462153,-0.10446540337560839,-0.5118632711851245,-0.5308325053814571,-0.45731855149056805,-0.31614602646597373,-0.5170126309142696,-0.37905495643905396,-0.4650835730466753,-0.46457876263153325,-0.4315976449848511,-0.4797232274628441,-0.29671524730994464,-0.3506179583215045,-1.5353007799892493,-0.7263727399826929,-0.19858630161855104,-0.2516414032571928,-0.4399470363014353,0.21692603863343513,-0.31008972058495204,-0.4893952360780454,-0.6203512952073548,-0.39898604485208583,-0.66683857132358,-0.4940952313149481
Moore,58,1.7844963226710078,-0.22037123894198785,0.04123175039923145,-0.11564509543362596,0.6745725255537046,1.2406164578886252,0.08411333172924648,-0.10383599579498623,-0.10324179640270213,-0.28477845376085165,-0.1938851040846923,-0.027138512750045574,-0.16634370352982208,0.1360754981877023,-0.2364204096597406,-0.01368184755543899,-0.0252749388240697,-0.033187668506715465,1.2941523979436793,-0.1139554104329707,-0.07768144752015006,-0.8943912062856055,1.6083115116951545,-0.10268928964249184,0.7279256151314055,0.1595091403342875,0.47726280144448224,0.6290790319766768,-0.12670032917791813,-0.003713170018422117,0.1570457602016865,1.2406164578886252,0.12186109285906233
Nash,81,0.8988902072015251,0.34285274041891706,1.4156234303736221,-0.13073475067352092,0.5717398749924325,-0.43212876974925907,-0.1785815234286518,-0.1023186704086632,-0.10261648012028013,0.02045685090111183,-0.024631690441573605,-0.05480108499359301,-0.16821568838488007,-0.18637061496988314,0.350327779468321,-0.033287434939728064,-0.05281327450101555,-0.0611545942754272,-0.011100751080485891,-0.09713232921416975,-0.03795395118671306,0.865265848143333,-0.07775459263318629,-0.18576584547201905,0.42236438796002634,0.6948696180835753,1.1470696382133012,0.7299516438452349,0.15848866834701267,-0.6162193988694528,-0.15917711160016215,-0.43212876974925907,-0.060936664856117616
New Hanover,103,-0.4295189660026991,1.2997400929938556,3.477210950335208,0.9106070243353127,-1.4210510695757193,1.745067374705076,0.7790757260445663,0.20128179388714795,0.16352223011316605,0.4759076412781444,0.7982439879319305,0.7054224581099268,0.266171867051598,1.1537315791269223,0.1324357164283027,0.7626744375918552,0.7763570805613735,0.4685174859893697,0.6466492470072056,0.5406153860803754,0.7533110420147987,-0.3179518263864703,1.6348398612800015,0.10320723607081173,-0.757841075890758,-0.08165669072762251,-0.9282109008307848,-0.6385871294787935,1.0342508626604126,-1.5918060611696818,0.9680042538487786,1.745067374705076,0.7996525793423667
Northampton,17,-0.4295189660026991,-0.22037123894198785,-1.3331599295751593,-0.4045383997964683,-0.888483762977632,-1.3131663084946577,-0.3775288723317352,-0.1052249511608668,-0.10471422520482848,-0.5836079807803815,-0.5707092556836858,-0.5054678258602491,-0.47160783849881227,-0.6242469800963806,-0.2565369772521009,-0.5162368706034711,-0.5085204994662421,-0.4934547864303931,-1.0826281960363988,-0.3188911270983641,-0.38845316288417575,0.8576811194604498,-0.7106452184431051,-0.22140671355937797,-0.49268886641603343,-0.49628054623399737,0.40071344867090253,-0.4535096978315457,-0.44327376183717143,0.06596763676000836,-0.42732954581543275,-1.3131663084946577,-0.5338519861975972
Onslow,68,0.8988902072015251,-0.22037123894198785,0.04123175039923145,0.36339461793947087,1.8149337086235615,0.06706745001702051,0.07054685279978992,-0.10289447805662856,-0.10331821359369857,0.8339906114901855,0.4586789787242652,0.5825720269101826,0.7163624574272864,0.7361619771974921,0.13164991300672613,0.5829510762028559,0.5746565603722864,0.6064776560012453,0.14611516092534066,-0.06501553779645884,0.06363447668653392,-0.1207488806315032,-0.5456009863830934,0.2224374782335591,0.32428300639884317,-0.23836068356867876,0.47088368871335057,0.2968295659890118,0.22726151751091941,-1.3559988172161794,0.012283656402574623,0.06706745001702051,0.2436828715728249
Orange,48,-0.4295189660026991,0.9994097275320692,2.790015110348013,0.21456227293852434,0.3883894890923566,3.034219717680451,0.5390138094189193,-0.1034455197842513,-0.10232665394467172,-0.2210409662186368,0.18566804299587827,0.2576225762123834,0.20139248416028918,0.3705958775242333,-0.12357903832134473,0.2138494396241465,0.28746457148187254,0.1581071034626497,2.4143767641229985,0.33873841145476397,0.299129124473073,-1.0081621365288558,2.875608669005555,-0.13961220334450394,0.274475055788568,-0.16880839640773915,-0.19081995080240946,0.1587490546067052,0.14020382352962477,-0.5078545412162514,0.5230416252204841,3.034219717680451,0.19400645486287427
Pamlico,14,-0.4295189660026991,-0.22037123894198785,-0.6459640895879639,-0.4167142318397618,-1.0338757879322718,0.053054924549896874,-0.37729639900858664,-0.10565133775609849,-0.10493974910996429,-0.7248553777960435,-0.6763603664704565,-0.5356774249363956,-0.46538240049245666,-0.5990825640973931,-0.4270338682078864,-0.5502952527105398,-0.5379966619527806,-0.5259703989639891,-0.14948198213216937,-0.33602008252114324,-0.4114264354494841,-0.9892003148216475,0.106238460558859,-0.21679134934662644,-1.2234079467106775,-0.4593140820081279,-1.3294053690833054,-1.2221763174565479,-0.5529828307414989,0.09564431622768893,-0.4386691524023346,0.053054924549896874,-0.5798052752400831
Pasquotank,26,-0.4295189660026991,-0.22037123894198785,1.4156234303736221,-0.2833425010893658,-0.7577689709218941,0.14063320871941962,-0.29382187076087773,-0.10489969207370071,-0.10449802046932638,-0.5884123140122067,-0.5419712624491188,-0.37115577391380905,-0.38958878112836487,-0.4607503645577852,-0.15175570386644757,-0.3762899137903074,-0.3753554633945457,-0.35586950818485413,0.4270739509096825,-0.25771628630272425,-0.28826800756003595,0.36846611941447294,-0.15127601862547627,-0.17986843564461436,-0.9907364033592132,-0.5102678570221643,-1.1907889735203374,-1.0308214056715572,-0.33165433601162436,0.9280388334006207,-0.37057234062804584,0.14063320871941962,-0.45183903408211273
Pender,32,1.3416932649362665,-0.22037123894198785,0.04123175039923145,-0.2762643638376625,0.09121003049045201,0.6923763989874128,-0.19764433592683558,-0.10431150146556406,-0.10400876406355655,-0.44652433923230134,-0.3852489505071194,-0.25697570117846036,-0.27008649212524477,-0.20743153430971442,-0.30379744017834903,-0.2526360347933196,-0.2645057141770649,-0.23113052113244997,0.9740604107437346,-0.27866866927523093,-0.3129209548432151,1.0397146078496504,0.562715561629546,-0.06986892190736997,-0.22961465231336778,-0.3846126199965993,1.2201708219430252,-0.10194675846990539,-0.4107976941764377,1.5616280676236942,-0.11776231545441648,0.6923763989874128,-0.21111149272980484
Perquimans,9,-0.4295189660026991,-0.22037123894198785,-0.6459640895879639,-0.4167142318397618,-1.0003343998968501,0.2562365438231896,-0.3855990176924646,-0.10552049114362178,-0.10490806393320967,-0.716207577978758,-0.6719048636433919,-0.5314381953451519,-0.47352335788538324,-0.5965428323813208,-0.41286695509317733,-0.5458720008467696,-0.5371337234516339,-0.5105998365441878,0.09497851418973972,-0.34044681176268426,-0.4228439711899474,-0.5227395008243213,0.0878581040607865,-0.27320135639136717,-0.9881788705936023,-0.5911175875120079,-1.6307753435162256,-1.0961937850370178,-0.5183234980279426,2.3633604408216295,-0.4268923063864828,0.2562365438231896,-0.5704844381425137
Person,38,-0.4295189660026991,-0.22037123894198785,-0.6459640895879639,-0.3598737382715611,-0.23693424861603254,-0.42862563838247814,-0.32646776742588585,-0.10479402414690564,-0.10446540337560839,-0.3292986083757655,-0.35511861263909467,-0.3797098297831087,-0.3914172314519099,-0.4213235250353522,-0.25137312619602625,-0.38236284799851494,-0.38293266900549205,-0.3676161168634015,0.7085206859964632,-0.28998601482242425,-0.34590849059987955,0.23573336746401433,0.7406449920593405,-0.18166329950512883,-0.0869362931518419,-0.562220725663927,-0.5620153483733921,-0.3384225619729257,-0.40561243967598437,1.3577658598278934,-0.3206024386142984,-0.42862563838247814,-0.3611821771722343
Pitt,94,-0.4295189660026991,-0.22037123894198785,0.7284275903864268,0.32837489069160997,0.5045650786526306,-0.20792836227528086,0.179859130391727,-0.10206358142913446,-0.10204614693869701,0.7250923915688134,1.0396208535881584,0.38292117703889517,0.07758027653738442,0.2630177218652741,0.8697213896041049,0.4221826306758378,0.3839471516188576,0.37806859916455493,-0.07082523161901218,0.20874187476402933,0.3447248514664129,1.4947983288226516,-0.018444782489921437,-0.030125507853120844,0.6680473792565369,0.29315712638166225,1.4832661199891561,0.7626618851760029,1.1338623306954363,-1.2017266670905624,0.00794134222617005,-0.20792836227528086,0.27898749476920487
Polk,12,-0.4295189660026991,-0.22037123894198785,0.04123175039923145,-0.40678808669979916,-0.7857431326853185,1.1232615571014646,-0.33362462473138865,-0.10553328686913212,-0.10501430246703397,-0.6396585351516759,-0.6079127042896757,-0.49466912990559964,-0.4423090987905792,-0.5146614382338883,-0.4577026531757035,-0.5057604018503512,-0.4946529263600945,-0.4928299668198321,0.20125295750094094,-0.3254674224838954,-0.3927055039420764,-1.3760214776486988,0.8774554806326225,-0.2139708489943894,-0.7732502108035645,-0.6021844707729751,-0.9211421542908823,-0.8774199944894719,-0.5297856395552605,0.41655190082551097,-0.34872396401993416,1.1232615571014646,-0.5077900925253432
Randolph,93,0.23468562059941295,-0.1988849331249034,-0.6459640895879639,-0.07326003686129609,2.393511149700965,-0.5214586196021722,-0.12353516155454101,-0.09938060672535327,-0.09940043467968646,0.563026217215242,0.42587533916000164,0.2313091140719478,0.3424008317308196,0.5016526883924725,-0.28026824058371336,0.26693503442900834,0.232872356830379,0.22526271520574925,-0.10527415585120137,-0.09101484513460577,0.007259065111415804,-0.7464889969693802,-0.4643105437266697,-0.013458914862629272,2.426862662167249,0.7439789125541173,0.9834540170823848,2.1161683784767007,-0.06938962154132915,-0.5394278520814838,0.013214613040680888,-0.5214586196021722,0.3888067430305108
Richmond,43,4.441314669079456,-0.22037123894198785,0.04123175039923145,-0.2741163915017695,-0.7193044984971857,-1.2325942870586968,-0.34054900871374283,-0.10415712722876189,-0.1039882618903624,-0.08683992460965183,-0.17155189616403071,-0.35732739535691277,-0.3532374473150296,-0.43820331399544865,-0.18646576357380132,-0.3676011486136295,-0.36571174716243215,-0.32827747418247905,-1.0746258963564002,-0.2756099272354489,-0.30526674093899386,1.3431037551649843,-1.0665040793026943,0.04346391042797271,0.06648370362525038,-0.2916969126180623,0.02848360038676367,-0.038209891170983154,-0.09313262899077315,5.933325359112679e-4,-0.38487767163367115,-1.2325942870586968,-0.3774806241640734
Robeson,134,-0.4295189660026991,-0.22037123894198785,-0.6459640895879639,-0.24948351655226608,2.4768815133774864,-1.453291563165894,-0.2367662751652685,-0.09949659378562443,-0.10062870123740957,1.1843866485313062,1.062845162074233,0.0705731125197311,0.024859958875170056,-0.37666195463961727,0.11546236252224873,-0.18566287507293555,0.05226084246756206,0.13076499730449898,-1.4346317929358503,-0.13077849165177166,-0.04167474961237615,0.6604781737054827,-1.574332485641192,0.6139742089486457,2.441312722292951,0.31075654490083915,3.090285302877743,2.3033864067992704,0.32550844488792907,-0.2952406548768357,-0.24362347731024944,-1.453291563165894,0.10256852221856264
Rockingham,105,1.3416932649362665,-0.22037123894198785,-0.6459640895879639,-0.20369401157569347,0.9545441938603448,-0.7649262495934455,-0.2412828997292981,-0.10178702865197549,-0.10261741203724349,0.26163437913873877,0.08508506667489361,-0.07732889766365876,-0.22202436933491884,0.012160989612697067,-0.10022945093735515,-0.05565344696411148,-0.06637049253218928,-0.11321456422737228,-0.42604926619456074,-0.2147409606437873,-0.19440820955952343,0.2698646465369894,-0.4601418030776223,-0.08602269665200027,0.9966903396375558,0.3207474811781013,1.1181050182449197,0.8742855837172471,0.0831660240246386,0.12747334176854208,-0.18959000023541944,-0.7649262495934455,0.007641784627116105
Rowan,81,1.1202917360688958,-0.15868025152648496,0.04123175039923145,0.091158569797036,1.2535640578414222,-0.20967992795867132,-0.05266400846895884,-0.10100979151855703,-0.10117666841187177,0.7055547697593908,0.5192181233870062,0.24703322492890642,0.20696490419395014,0.41049960990164924,0.037151438680560554,0.28539044487992477,0.25295460107197804,0.22653734721129376,0.0967351165585199,-0.011487552100274002,0.046890883771050045,0.7287407318514327,-0.17193023365939278,0.05807923043501916,1.167533528380373,0.19939603208735684,-0.2787482614207099,0.9006942932622345,0.3317853319147936,0.020255260337037735,0.04875218457022434,-0.20967992795867132,0.29213560296549684
Rutherford,47,-0.4295189660026991,-0.22037123894198785,0.04123175039923145,-0.29250279536862006,0.41121051579409756,-0.5862665498876191,-0.25702466475393065,-0.10345171126433696,-0.1033722647775741,-0.08235588025994826,-0.1315637582911254,-0.23231373588838578,-0.34392105757125263,-0.12305477057225449,-0.3421446471512858,-0.22500549863389913,-0.22808819550147766,-0.24537640825324147,-0.6713880637008599,-0.2489988714893456,-0.26020255657789154,0.3912203054631232,-0.6420504859451439,-0.04730491908947369,0.8746960267179089,-0.040079025143016624,-0.1116844712459389,0.5932420764010562,-0.2153954719488296,-0.17085281674856778,-0.24159822999973785,-0.5862665498876191,-0.17664001698348689
Sampson,51,-0.4295189660026991,-0.22037123894198785,-0.6459640895879639,-0.3609806320936787,0.6889736976457307,-1.0696986785033846,-0.3143625493847918,-0.10348060483806998,-0.1028075230977712,-0.16947445619704593,-0.10199035827648374,-0.2637619576023031,0.04627894837955442,-0.37034035167821455,-0.16010767166149,-0.2593530680842158,-0.2771621455272171,-0.21850916499911716,-0.6976395102120749,-0.2430343245117707,-0.2601919257252468,0.5353301504379072,-0.7947779842693339,-0.04192032750793026,1.856980423669969,-0.1894819491660737,2.2653108591354525,1.699473576229973,-0.31609857251026446,0.5267563865632263,-0.3308998476671086,-1.0696986785033846,-0.2556848813081253
Scotland,34,0.013284091732042253,-0.22037123894198785,0.04123175039923145,-0.3196366520351243,-0.77286029503111,-1.2431036811590395,-0.36130555542343773,-0.10435690565285882,-0.10450361197110661,-0.22584529945046206,-0.27926367700831883,-0.40833771356595167,-0.4388263362695411,-0.5420439605351224,-0.17919146904263533,-0.43993084662372045,-0.4141044299504241,-0.3877353083234667,-1.37861569517586,-0.283409719436893,-0.3273257601768536,3.155853910374107,-1.2736146942758204,-0.21294521250266685,-0.5659621801507896,-0.24420153862307806,-0.6744256592030625,-0.5750907786602445,-0.22603888908133898,-0.6979358006951567,-0.4383635175507108,-1.2431036811590395,-0.48815905573325585
Stanly,50,0.23468562059941295,-0.22037123894198785,0.04123175039923145,-0.3150714629201204,0.49550108216020516,-0.14312043198983404,-0.2726335878796212,-0.10368409815021831,-0.10372825705758185,-0.26748285412628076,-0.26695535044855273,-0.24359508761268303,-0.3526279638738479,-0.16055185761173293,-0.31601107050228205,-0.24089108519368013,-0.24440076102754096,-0.24000295960241663,0.3943816290462735,-0.24135201638989062,-0.24882754424800724,-0.5265318651657629,-0.14028570236889684,-0.1588428875643019,0.1727811591959592,0.18863656225030537,-0.6225307150930458,0.11928030017744787,-0.21648710447524083,0.4509007825350864,-0.24173436619019317,-0.14312043198983404,-0.2259258958262209
Stokes,31,-0.4295189660026991,-0.22037123894198785,-0.6459640895879639,-0.3648338192366178,0.050721112148653574,-0.2377049788929186,-0.3166374669041743,-0.10467019454519266,-0.10427715614900743,-0.44588376146805797,-0.4610481923525569,-0.3481743811228695,-0.4235892502399994,-0.26076590034723346,-0.43682273368809743,-0.3463590237641417,-0.34443350043678767,-0.3591935485130388,0.15665477513802178,-0.3124677688148219,-0.3655543062873806,-0.606171516336038,0.05356073781180586,-0.27320135639136717,0.4999535382367516,-0.565986540106895,0.33571546219423753,0.19304670470793653,-0.4064311640707928,1.051993545049755,-0.3099151638611426,-0.2377049788929186,-0.2923433691108562
Surry,56,-0.4295189660026991,-0.22037123894198785,0.04123175039923145,-0.3128816081152823,0.8860811137551221,-0.5056945284516582,-0.2553143253050518,-0.10242392557011924,-0.10216822806089863,0.023659739722328654,-0.10215743963249867,-0.19210211363399635,-0.11710614838864583,-0.05933966704022146,-0.4189962217814746,-0.17550188342154066,-0.19009619254309634,-0.19799008898829293,-0.49611818290479254,-0.18736521938773848,-0.1596346905585407,-0.7540737256522634,-0.3074143047534323,-0.2190990314530022,1.0260380281229422,-0.22398910600061717,0.4845039564365774,0.7491689106270609,-0.22276399150210532,0.11337849760718627,-0.2200874626522839,-0.5056945284516582,-0.1412052144980347
Swain,19,-0.4295189660026991,-0.22037123894198785,0.04123175039923145,-0.4167142318397618,-0.9491711303558503,-0.16238765450712905,-0.38427059870304414,-0.10553865281853968,-0.1049267022724771,-0.6294092909237821,-0.5941563393111136,-0.5249717710578228,-0.46120308546721095,-0.6053265333382173,-0.4708816991318592,-0.5662005565891787,-0.5342345528732199,-0.49238009670022814,-0.4400044961243144,-0.29457412788209725,-0.34220895387950595,0.0612846077576975,-0.6560726135828487,-0.02756141662381445,-1.2989830399344837,-0.6497566981239383,-0.6880459269262895,-1.276027957412128,-0.4591024334701341,-1.8341006731295768,-0.44580081734844773,-0.16238765450712905,-0.57808690862433
Transylvania,17,-0.4295189660026991,-0.22037123894198785,0.04123175039923145,-0.3385794944179583,-0.6818522490310222,1.2738962058730439,-0.2548493786587547,-0.10540532961402871,-0.10483164674221324,-0.5464544704542663,-0.5002566172307259,-0.41524608771464505,-0.4130538936138591,-0.383504812582048,-0.45011403727590693,-0.42139656689737276,-0.41066781521778717,-0.4287734603451152,0.14113812088046349,-0.29946811514574845,-0.35035218700538573,-0.37862965584953717,0.5458511108220362,-0.1847402089802965,-0.953812024055704,-0.5928852146995235,-0.3496081352719286,-0.9569587945489194,-0.4359052422838957,-0.9569331331675944,-0.24603699813270985,1.2738962058730439,-0.4016679360736877
Tyrrell,5,-0.4295189660026991,-0.22037123894198785,-1.3331599295751593,-0.4167142318397618,-1.4493933124149783,-0.8349888769290637,-0.41239987080402263,-0.10584905235350021,-0.1052006858597082,-0.7684146657645923,-0.722530514515914,-0.5881938617519258,-0.47513413555136336,-0.6792116542660509,-0.4522020292246675,-0.6066210602477029,-0.5978270646989543,-0.5541372670080804,-1.1527947017671183,-0.3473271909175408,-0.4351226059946356,-1.2850047334540984,-1.2444335097324888,-0.2093554847816379,-1.422703687470918,-0.7206923456924987,-1.1244117194261298,-1.422550597255537,-0.5780903788489569,0.7471410184119525,-0.49361670075319675,-0.8349888769290637,-0.6585637451287626
Union,87,-0.4295189660026991,-0.22037123894198785,0.04123175039923145,0.6149526928427793,1.4306110553178317,1.6732531816860674,0.6070786773893507,9.895338300073748,9.896400557124416,0.39007022086953347,0.27689446338002716,0.7784895634788933,0.8238492157328251,1.0867780403936091,0.12179369294752283,0.8040742347536509,0.6987758814538919,1.038702869802944,3.1710820289853072,0.11239150051089664,0.22276770992582173,-0.4961929504342294,1.8893225290832112,-0.2657654918263786,1.1545540495948972,3.4113283385151476,0.0062429100538995514,1.9627910189426527,-0.08248921185826377,1.1265788534086183,1.1883768697677535,1.6732531816860674,0.9858349985734236
Vance,56,0.8988902072015251,-0.22037123894198785,0.04123175039923145,-0.29768425509810026,-0.5550023082715468,-0.9611016061331764,-0.33076852390413464,-0.10433296526319431,-0.10363879302909823,-0.3501173857136749,-0.3131254984940102,-0.3594673631066764,-0.32515767448915983,-0.5199072596387014,1.288717611385939e-4,-0.35715754205860595,-0.3684898035652467,-0.32830246696690146,-0.8037187754823005,-0.271174751277765,-0.30118449352340926,1.3241419334577762,-0.7172773058393169,0.25833475544384865,-0.7072338962912293,-0.4710726454729055,-0.8892465906352244,-0.7577870971517967,-0.24978189653078298,-0.2269917145012786,-0.3993976214701079,-0.9611016061331764,-0.4345772603511393
Wake,366,5.76972384228368,4.58559165608124,2.790015110348013,5.9922727967392895,1.0813021143508617,2.505246881296533,6.8825797991237625,-0.08654443021178597,-0.08493615149120357,3.7153093950568414,4.233158198672091,5.960601738553856,5.0959363276327085,6.45356387239979,4.118951183244241,5.799608133492756,5.893173632018872,6.160424195924979,3.269646939677973,5.122610961673797,5.409146112047018,-0.7919973690666804,2.8469959490961845,-0.10397133525714504,3.246392067747737,4.048903779716424,1.0536242571248324,3.8052675168422514,4.348174304713268,-0.038085180780682903,6.661248202120304,2.505246881296533,6.138721797918223
Warren,21,-0.4295189660026991,-0.22037123894198785,-1.3331599295751593,-0.4167142318397618,-0.7409752718369437,-1.209823933174621,-0.3742410353329196,-0.10528562766570616,-0.1048391020779202,-0.5362052262263725,-0.5321134624442382,-0.4986583089173872,-0.4548035093348034,-0.6200991213111795,-0.2700078930505564,-0.5151852802643876,-0.5015564343692684,-0.48718159754036033,-1.2283286036246663,-0.33617301962313234,-0.41339314318876313,1.6389081737974356,-0.44649865186255816,0.12064305643009522,-0.1412199261019363,-0.6696617173224834,-0.37305568477014206,-0.4088938907223,-0.42853672273062,0.4536245522628455,-0.437567790780434,-1.209823933174621,-0.5383561895994953
Washington,7,-0.4295189660026991,-0.22037123894198785,-0.6459640895879639,-0.4167142318397618,-1.0924466891244415,-1.264122469359725,-0.40260278075704664,-0.10558158041380018,-0.10479530198064177,-0.6492672016153264,-0.6085810297137354,-0.5430800851142463,-0.4708242169315787,-0.6450639077429647,-0.35305608894803475,-0.5567099537789495,-0.550320029320034,-0.5170979604940225,-1.8660728525123613,-0.3329613404813613,-0.412287534513709,0.49740650702348993,-0.8427185017333787,-0.20191962021664936,-1.2013811957668525,-0.6066419654197537,-0.5318438692396614,-1.1401601976492555,-0.3832339728845544,-0.38029350775614035,-0.47383172682163743,-1.264122469359725,-0.6032896189887075
Watauga,27,0.45608714946678364,-0.22037123894198785,1.4156234303736221,-0.2513622444449413,-0.38172814182244125,1.5313763613314406,-0.17177337610787188,-0.10508254711889688,-0.10442160327832996,-0.5358849373442508,-0.08650748595243404,-0.2925468498885254,-0.3336904426657032,-0.20113211241133414,-0.4260010979966715,-0.2942790122210285,-0.2646419676246144,-0.38356151332491906,-0.35227196670579297,-0.2159644574597001,-0.20925951070424154,1.7830180187722189,0.05033943821936017,-0.24550917111485807,-0.3986995372798276,-0.5255616748619731,-0.7018386031017092,-0.7501386730759261,-0.37013438256761977,-1.4273540496234736,-0.17728044880736304,1.5313763613314406,-0.3498045073073242
Wayne,77,-0.4295189660026991,-0.22037123894198785,0.04123175039923145,-0.09089255628713687,1.2942830268556171,-0.5722540244204954,-0.14088763460384593,-0.10165618203949878,-0.10108068096464455,0.4019209095080357,0.3273530328965344,0.0752426617128294,0.1628644237713051,-0.03241185653094797,0.32001821892179605,0.09906178167355692,0.06775588730832846,0.0996739734829821,-0.2773235989711717,-0.09713232921416975,-0.016511521402248937,-0.371044927166654,-0.25284169989317584,-0.22115030443644731,0.858455693656279,-0.028320461678238974,1.149138539639614,0.8481654939487079,0.29412400975360653,-1.041058789956999,-0.10732416511240342,-0.5722540244204954,0.09939214756520101
Wilkes,57,-0.4295189660026991,-0.22037123894198785,-0.6459640895879639,-0.2977081879374974,0.5214047878720603,-0.5144523568686105,-0.2866816186927427,-0.10248749143233189,-0.10279074859243052,-0.07947328032085313,-0.16347629728997604,-0.22344566301232735,-0.284365818461501,-0.07547639038906534,-0.4152468168842378,-0.20921849866840722,-0.21876240398031294,-0.23805352241746622,-0.49602059388430475,-0.23034054504667545,-0.23245603117508967,-0.34070601243512055,-0.3907891177343797,0.07397659605671882,1.7910919857959149,-0.43679604870629885,0.19089236235233062,0.9085110788743664,-0.1747321603400117,0.013767728739561962,-0.21995206948308038,-0.5144523568686105,-0.11891852020887445
Wilson,63,0.013284091732042253,-0.22037123894198785,0.7284275903864268,-0.12419510230825319,-0.22326923867567558,-0.55123523621981,-0.2365670123168554,-0.10257582321488716,-0.10205732994225747,0.21134902464563463,0.14857598196056498,-0.14892477520466277,-0.09411991574979432,-0.2996160322310823,0.19682669394492017,-0.13414809333707978,-0.15514718324665353,-0.12781035033007795,-0.5336899557925909,-0.09866170023406075,-0.07346099902018365,1.6654547241875268,-0.5761085884056674,-0.07166378576788446,-0.23866192447171694,0.021096246216218743,0.456746195633545,-0.06375274138662672,0.1603990252682323,-1.0954684727004724,-0.25664901544764657,-0.55123523621981,-0.18684607324674718
Yadkin,26,0.013284091732042253,-0.22037123894198785,-0.6459640895879639,-0.4167142318397618,0.11352494571292046,-0.35155674831329814,-0.348768601210782,-0.10456741597577089,-0.10406001949654196,-0.5470950482185096,-0.4738577629803678,-0.39065971911138275,-0.29620721103303055,-0.3633754978891603,-0.4491261701173535,-0.391537973707019,-0.3941281606124747,-0.3777132017700678,-0.30337986744141116,-0.29793874412585747,-0.3473861791175,-0.47343876438557947,-0.14957062472359325,-0.1860222545949497,0.06325481850866647,-0.5145716449569849,-0.6378750673382002,-0.19002389358260474,-0.3886921355166105,0.11586651349802794,-0.33175299120049234,-0.35155674831329814,-0.3864109233944262
Yancey,13,-0.4295189660026991,-0.22037123894198785,0.04123175039923145,-0.4167142318397618,-0.7488890149673861,0.14588790576959096,-0.36502512859381503,-0.1053661169068196,-0.1046005313352972,-0.6569541347862468,-0.6012294500490787,-0.4996585112352115,-0.44274444410570896,-0.5156706766014105,-0.47083679607919765,-0.5102690954291719,-0.5029719562965881,-0.48680670577402374,-0.5375935166121024,-0.32638504509583,-0.39938167940298047,0.7363254605343159,-0.3655871856287751,-0.1444839766801861,-0.9191254859221041,-0.694024231167807,-0.5190856437773981,-0.9723277976447727,-0.4959450312365127,0.7616675658100158,-0.4204929991124563,0.14588790576959096,-0.5481717079955389
